jim_procter,sean_odonoghue
christin_seifert,joaquim_jorge
heimo_mueller,robert_kosara
azalea_vo,megan_quintero
martin_godecschnbacher,michael_donoser
michelle_borkin,seymour_knowlesbarley
hanspeter_pfister,michael_mcguffin
gerhard_schall,private_private
sofia_hou,yangxue_zhou
helwig_hauser,jrn_kohlhammer
manuela_waldner,marc_streit
daniel_wagner,helmut_doleisch
joaquim_jorge,mariebeth_aquino
hartmut_seichter,stefan_hauswiesner
robert_kosara,yuri_engelhardt
marc_streit,robert_kosara
jakob_santner,stefan_kluckner
christian_tominski,ivan_viola
gerwin_de_haan,robert_steven_laramee
lukas_gruber,raphael_grasset
bc_biermann,paul_kouppas
dick_kreisberg,georg_tremmel
hanspeter_pfister,your_name
anton_heijs,gerwin_de_haan
jan_aerts,torsten_mller
andrej_varchola,dieter_schmalstieg
dieter_schmalstieg,qi_pan
qi_pan,raphael_grasset
hayko_riemenschneider,lukas_gruber
marc_streit,peter_prettenhofer
maureen_gehlenborg,nils_gehlenborg
amir_saffari,jakob_santner
jack_jarke_van_wijk,jeffrey_heer
richard_park,your_name
dieter_schmalstieg,paul_rosenthal
michael_donoser,rostislav_khlebnikov
christin_seifert,your_name
bilal_alsallakh,mariebeth_aquino
eva_eggeling,your_name
harald_piringer,helmut_doleisch
chris_beaumont,michelle_borkin
frank_van_ham,raghu_machiraju
christian_tominski,petra_isenberg
hendrik_strobelt,silvia_miksch
jeandaniel_fekete,your_name
armin_preis,your_name
michael_mcguffin,your_name
eva_eggeling,helmut_doleisch
marc_streit,urska_cvek
amelio_vzquezreina,martin_haidacher
jens_grubert,stefan_hauswiesner
eva_eggeling,sven_havemann
dieter_schmalstieg,eduardo_veas
chris_johnson,jeandaniel_fekete
amir_saffari,hayko_riemenschneider
gunther_arco,heimo_mueller
samuel_huron,your_name
john_stasko,jrn_kohlhammer
lukas_gruber,marc_streit
alessandro_mulloni,gerhard_schall
christian_tominski,michael_sedlmair
charl_botha,kreimir_matkovic
markus_tatzgern,your_name
manuela_waldner,michael_sedlmair
dieter_schmalstieg,raphael_grasset
joaquim_jorge,sven_havemann
bernhard_reitinger,your_name
amelio_vzquezreina,johanna_beyer
gaurav_bharaj,hanspeter_pfister
craig_anslow,greg_howes
markus_prll,manuel_werlberger
charl_botha,silvia_miksch
frank_van_ham,robert_kincaid
joaquim_jorge,scooter_morris
jrn_kohlhammer,wolfgang_aigner
amanda_peters_randles,deqing_sun
gaurav_bharaj,moritz_baecher
marjan_trutschl,private_private
charl_botha,frank_van_ham
christian_krner,paul_wohlhart
christian_pirchheim,david_ferstl
steffen_kirchhoff,your_name
marjan_trutschl,marc_streit
robert_kosara,silvia_miksch
your_name,yuri_engelhardt
jeandaniel_fekete,tobias_isenberg
heimo_mueller,private_private
christian_tominski,tobias_isenberg
raghu_machiraju,your_name
blake_walsh,daniel_haehn
christian_tominski,paul_rosenthal
bernhard_preim,nils_gehlenborg
private_private,sofia_hou
jakob_santner,sabine_sternig
christian_pirchheim,stefan_hauswiesner
clemens_arth,joaquim_jorge
hanspeter_pfister,michelle_borkin
ben_arnette,your_name
bc_biermann,mariebeth_aquino
lukas_gruber,tobias_langlotz
michael_donoser,sabine_sternig
dimiter_dimitrov,your_name
jens_grubert,rostislav_khlebnikov
charl_botha,joaquim_jorge
edmond_prakash,your_name
lukas_gruber,martin_hirzer
andrada_tatu,paul_rosenthal
raphael_grasset,rostislav_khlebnikov
dieter_schmalstieg,kreimir_matkovic
charl_botha,torsten_mller
bernhard_kainz,joaquim_jorge
hanspeter_pfister,moritz_baecher
paul_rosenthal,your_name
yangxue_zhou,your_name
markus_prll,marc_streit
cydney_nielsen,jan_aerts
martin_haidacher,moritz_baecher
christopher_collins,michael_mcguffin
michel_westenberg,nils_gehlenborg
michael_sedlmair,nils_gehlenborg
michael_pfeiffer,your_name
christian_reinbacher,gerhard_reitmayr
edmond_prakash,raghu_machiraju
manuela_waldner,silvia_miksch
dieter_schmalstieg,jens_grubert
hanspeter_pfister,petra_isenberg
tobias_langlotz,your_name
jan_aerts,kay_nieselt
gaurav_bharaj,nicolas_bonneel
andreas_wendel,paul_wohlhart
christian_reinbacher,manuel_werlberger
raphael_grasset,stefan_hauswiesner
marc_streit,michel_westenberg
nils_gehlenborg,scooter_morris
helwig_hauser,joaquim_jorge
bernhard_kainz,pia_kainz
gerhard_schall,your_name
manuel_werlberger,paul_wohlhart
hartmut_seichter,marc_streit
rostislav_khlebnikov,stefan_hauswiesner
manuel_werlberger,stefan_hauswiesner
frank_van_ham,gerwin_de_haan
kwanliu_ma,urska_cvek
hartmut_seichter,stefanie_zollmann
jens_grubert,raphael_grasset
niklas_elmqvist,robert_kosara
eduardo_veas,paul_wohlhart
azalea_vo,your_name
gerwin_de_haan,your_name
ben_arnette,petra_isenberg
andrej_varchola,bilal_alsallakh
remi_uzzan,your_name
amelio_vzquezreina,seymour_knowlesbarley
jeffrey_heer,michael_sedlmair
eva_eggeling,martin_haidacher
georg_tremmel,nils_gehlenborg
edmond_prakash,robert_steven_laramee
eduardo_veas,stefan_hauswiesner
chris_johnson,hanspeter_pfister
eduardo_veas,raphael_grasset
christian_tominski,kreimir_matkovic
helmut_doleisch,joaquim_jorge
amanda_peters_randles,steffen_kirchhoff
amanda_peters_randles,gaurav_bharaj
stefan_hauswiesner,tobias_langlotz
michael_sedlmair,paul_rosenthal
silvia_miksch,your_name
alessandro_mulloni,your_name
craig_anslow,dominikus_baur
bernhard_preim,dieter_schmalstieg
helwig_hauser,raghu_machiraju
cydney_nielsen,fernanda_vigas
eva_eggeling,marc_streit
craig_anslow,petra_isenberg
joaquim_jorge,silvia_miksch
bernhard_kainz,ernst_kruijff
gaurav_bharaj,your_name
dominikus_baur,tobias_isenberg
eamonn_maguire,georg_tremmel
christin_seifert,christoph_trattner
christopher_collins,your_name
eva_eggeling,heimo_mueller
charl_botha,helwig_hauser
joaquim_jorge,raffaele_boccaccini
andreas_duenser,gerhard_reitmayr
edmond_prakash,john_stasko
bernhard_kainz,wolfgang_aigner
andreas_duenser,raphael_grasset
joaquim_jorge,marc_streit
john_stasko,marc_streit
hendrik_strobelt,jan_aerts
jan_aerts,sean_odonoghue
heimo_mueller,jeandaniel_fekete
jessie_kennedy,raghu_machiraju
lukas_gruber,stefan_kluckner
martin_godecschnbacher,stefan_kluckner
jan_aerts,jessie_kennedy
jan_aerts,raghu_machiraju
tim_brenner,your_name
hayko_riemenschneider,your_name
chris_johnson,liz_marai
jan_aerts,marc_streit
petra_isenberg,your_name
christian_krner,christoph_trattner
helwig_hauser,martin_haidacher
bernhard_preim,helmut_doleisch
chris_johnson,joaquim_jorge
deqing_sun,your_name
peter_prettenhofer,your_name
romain_vuillemot,robert_kosara
hayko_riemenschneider,sven_havemann
daniel_wagner,tobias_langlotz
michelle_borkin,moritz_baecher
eduardo_veas,your_name
stefan_hauswiesner,your_name
andreas_wendel,stefan_hauswiesner
gerhard_schall,stefan_kluckner
kreimir_matkovic,raghu_machiraju
raphael_grasset,tobias_langlotz
petra_isenberg,raghu_machiraju
megan_quintero,your_name
martin_haidacher,your_name
urska_cvek,your_name
deqing_sun,michelle_borkin
jakob_santner,your_name
hartmut_seichter,paul_kouppas
andreas_augustin,christian_krner
megan_quintero,private_private
nicolas_bonneel,seymour_knowlesbarley
alyssa_goodman,bernice_rogowitz
daniel_wagner,manuel_werlberger
amir_saffari,peter_m
harald_piringer,joaquim_jorge
dieter_schmalstieg,gerhard_reitmayr
andreas_wendel,sven_havemann
andreas_wendel,gerhard_schall
marjan_trutschl,urska_cvek
michael_mcguffin,nils_gehlenborg
andreas_duenser,raffaele_boccaccini
paul_kouppas,private_private
alexander_rind,andrada_tatu
paul_rosenthal,private_private
edel_oregan,robert_kincaid
daniel_wagner,your_name
manuel_werlberger,raphael_grasset
martin_godecschnbacher,paul_wohlhart
joaquim_jorge,martin_haidacher
helmut_doleisch,mariebeth_aquino
ernst_kruijff,raffaele_boccaccini
bilal_alsallakh,your_name
harald_piringer,your_name
amanda_peters_randles,amelio_vzquezreina
john_stasko,your_name
ben_arnette,manuela_waldner
hartmut_seichter,judith_muehl
frank_van_ham,robert_steven_laramee
joaquim_jorge,petra_isenberg
martin_hirzer,rostislav_khlebnikov
ivan_viola,your_name
charl_botha,paul_rosenthal
bc_biermann,tobias_langlotz
dieter_schmalstieg,robert_kosara
liz_marai,paul_rosenthal
joaquim_jorge,markus_tatzgern
markus_tatzgern,stefan_hauswiesner
nina_seitzer,steven_quayle
daniel_wagner,raffaele_boccaccini
charl_botha,stefan_bruckner
andrej_varchola,mariebeth_aquino
christian_reinbacher,hartmut_seichter
hanschristian_hege,jan_aerts
michael_donoser,your_name
amir_saffari,christian_reinbacher
christian_pirchheim,daniel_wagner
michael_donoser,raphael_grasset
nils_gehlenborg,steven_quayle
andrej_varchola,johanna_beyer
jan_aerts,jos_roerdink
andreas_wendel,jakob_santner
marc_streit,michael_pfeiffer
joaquim_jorge,vclav_skala
raphael_grasset,your_name
bang_wong,cydney_nielsen
jim_procter,nils_gehlenborg
cydney_nielsen,marc_streit
bobby_kasthuri,johanna_beyer
dieter_schmalstieg,marc_streit
alessandro_mulloni,pia_kainz
andrej_varchola,robert_steven_laramee
heimo_mueller,your_name
kay_nieselt,richard_park
christoph_trattner,marc_streit
charl_botha,michel_westenberg
helmut_doleisch,jrn_kohlhammer
gerwin_de_haan,hartmut_seichter
fernanda_vigas,petra_isenberg
markus_tatzgern,rostislav_khlebnikov
greg_howes,your_name
christopher_collins,hendrik_strobelt
daniel_wagner,helwig_hauser
jessie_kennedy,joaquim_jorge
blake_walsh,nicolas_bonneel
lukas_gruber,peter_m
johanna_beyer,vclav_skala
hanspeter_pfister,ivan_viola
blake_walsh,hanspeter_pfister
marc_streit,pia_kainz
michel_westenberg,sean_odonoghue
ivan_viola,michael_sedlmair
andrej_varchola,kreimir_matkovic
hanspeter_pfister,nicolas_bonneel
harald_piringer,johanna_beyer
daniel_wagner,qi_pan
hendrik_strobelt,stefan_bruckner
kreimir_matkovic,silvia_miksch
raghu_machiraju,torsten_mller
christian_reinbacher,stefan_hauswiesner
hartmut_seichter,manuela_waldner
sven_havemann,your_name
jack_jarke_van_wijk,silvia_miksch
bc_biermann,hartmut_seichter
jrn_kohlhammer,your_name
rostislav_khlebnikov,thanh_nguyen
michael_sedlmair,torsten_mller
jens_grubert,qi_pan
edmond_prakash,vclav_skala
azalea_vo,nicolas_bonneel
alexander_rind,bilal_alsallakh
charl_botha,tobias_isenberg
alessandro_mulloni,bc_biermann
john_stasko,silvia_miksch
hanspeter_pfister,niklas_elmqvist
christoph_trattner,your_name
torsten_mller,your_name
johanna_beyer,steffen_kirchhoff
michael_noble,nils_gehlenborg
david_ferstl,sabine_sternig
hanschristian_hege,hanspeter_pfister
christian_krner,your_name
liz_marai,nils_gehlenborg
gaurav_bharaj,michelle_borkin
kay_nieselt,nils_gehlenborg
daniel_wagner,markus_sareika
andreas_duenser,manuela_waldner
chris_johnson,johanna_beyer
niklas_elmqvist,raghu_machiraju
jos_roerdink,raghu_machiraju
martin_hirzer,stefan_hauswiesner
azalea_vo,hanspeter_pfister
hanschristian_hege,your_name
hendrik_strobelt,romain_vuillemot
liz_marai,raghu_machiraju
hartmut_seichter,markus_sareika
marc_streit,paul_wohlhart
joaquim_jorge,martin_hirzer
martin_haidacher,silvia_miksch
andreas_augustin,andreas_holzinger
daniel_wagner,martin_godecschnbacher
kay_nieselt,raghu_machiraju
raghu_machiraju,vclav_skala
raghu_machiraju,stefan_bruckner
blake_walsh,megan_quintero
hanspeter_pfister,kwanliu_ma
raghu_machiraju,robert_steven_laramee
hanschristian_hege,joaquim_jorge
christian_pirchheim,sven_havemann
ernst_kruijff,manuela_waldner
hendrik_strobelt,your_name
hanschristian_hege,jeandaniel_fekete
joaquim_jorge,paul_rosenthal
eva_eggeling,lukas_gruber
joaquim_jorge,michael_donoser
michael_noble,your_name
romain_vuillemot,your_name
niklas_elmqvist,samuel_huron
chris_johnson,robert_kosara
clemens_arth,hartmut_seichter
blake_walsh,private_private
stefan_bruckner,your_name
thanh_nguyen,your_name
kay_nieselt,your_name
jan_aerts,liz_marai
bang_wong,bernice_rogowitz
christopher_collins,tobias_isenberg
gerhard_reitmayr,martin_godecschnbacher
bernice_rogowitz,jeandaniel_fekete
amir_saffari,your_name
robert_steven_laramee,robert_kosara
clemens_arth,your_name
sven_havemann,vclav_skala
hanspeter_pfister,megan_quintero
michael_noble,richard_park
andreas_holzinger,john_stasko
daniel_wagner,hartmut_seichter
ernst_kruijff,sven_havemann
charl_botha,ivan_viola
jeandaniel_fekete,john_stasko
hayko_riemenschneider,mariebeth_aquino
johanna_beyer,silvia_miksch
kwanliu_ma,michelle_borkin
marc_streit,raghu_machiraju
ivan_viola,silvia_miksch
chris_johnson,your_name
nina_seitzer,your_name
anton_heijs,your_name
bc_biermann,clemens_arth
christian_tominski,silvia_miksch
amelio_vzquezreina,your_name
jessie_kennedy,sean_odonoghue
paul_wohlhart,sabine_sternig
amelio_vzquezreina,moritz_baecher
ernst_kruijff,judith_muehl
liz_marai,robert_kosara
gerhard_reitmayr,qi_pan
alessandro_mulloni,lukas_gruber
bilal_alsallakh,helmut_doleisch
stefan_hauswiesner,stefan_kluckner
edel_oregan,your_name
alexander_rind,your_name
jessie_kennedy,kay_nieselt
edmond_prakash,marc_streit
keiichiro_ono,scooter_morris
chris_johnson,paul_rosenthal
christin_seifert,christian_krner
chris_johnson,raghu_machiraju
andreas_holzinger,eva_eggeling
raffaele_boccaccini,stefan_kluckner
michelle_borkin,nicolas_bonneel
hendrik_strobelt,jeffrey_heer
bang_wong,nils_gehlenborg
andreas_holzinger,jeandaniel_fekete
alyssa_goodman,amanda_peters_randles
christian_tominski,joaquim_jorge
christopher_collins,samuel_huron
heimo_mueller,marc_streit
michel_westenberg,your_name
hartmut_seichter,raphael_grasset
christian_pirchheim,hartmut_seichter
lukas_gruber,paul_kouppas
dieter_schmalstieg,istvan_barakonyi
hartmut_seichter,markus_tatzgern
jeandaniel_fekete,scooter_morris
raghu_machiraju,robert_kincaid
bc_biermann,stefan_bruckner
martin_hirzer,sabine_sternig
paul_kouppas,your_name
christian_tominski,wolfgang_aigner
jack_jarke_van_wijk,your_name
michelle_borkin,robert_kosara
moritz_baecher,your_name
christoph_trattner,christin_seifert
andrada_tatu,your_name
bernhard_kainz,paul_kouppas
christian_pirchheim,your_name
christoph_trattner,heimo_mueller
gerhard_schall,istvan_barakonyi
lukas_gruber,sven_havemann
dick_kreisberg,nils_gehlenborg
hanspeter_pfister,robert_steven_laramee
qi_pan,tobias_langlotz
johanna_beyer,marc_streit
chris_johnson,robert_steven_laramee
alyssa_goodman,michelle_borkin
nils_gehlenborg,sean_odonoghue
istvan_barakonyi,your_name
daniel_wagner,gerhard_schall
chris_johnson,stefan_bruckner
joaquim_jorge,raghu_machiraju
bobby_kasthuri,seymour_knowlesbarley
frank_van_ham,joaquim_jorge
christian_reinbacher,marc_streit
bilal_alsallakh,wolfgang_aigner
johanna_beyer,mariebeth_aquino
andrej_varchola,helmut_doleisch
charl_botha,raghu_machiraju
christian_tominski,harald_piringer
craig_anslow,raphael_grasset
joaquim_jorge,jrn_kohlhammer
jp_lee,urska_cvek
hartmut_seichter,tobias_langlotz
bernice_rogowitz,jeffrey_heer
martin_haidacher,mariebeth_aquino
jan_aerts,robert_kincaid
christian_krner,marc_streit
blake_walsh,tae_joong_yoon
hartmut_seichter,jens_grubert
dominikus_baur,michael_sedlmair
dieter_schmalstieg,harald_piringer
michael_sedlmair,silvia_miksch
ben_arnette,marc_streit
scooter_morris,your_name
martin_haidacher,marc_streit
alexander_rind,michael_sedlmair
lukas_gruber,rostislav_khlebnikov
amelio_vzquezreina,amanda_peters_randles
kwanliu_ma,silvia_miksch
marc_streit,torsten_mller
joaquim_jorge,tobias_langlotz
andrej_varchola,your_name
dieter_schmalstieg,nils_gehlenborg
christian_tominski,helmut_doleisch
azalea_vo,tae_joong_yoon
daniel_wagner,joaquim_jorge
sabine_sternig,thanh_nguyen
bc_biermann,your_name
qi_pan,stefanie_zollmann
bernhard_reitinger,daniel_wagner
raghu_machiraju,silvia_miksch
blake_walsh,sofia_hou
daniel_wagner,stefan_kluckner
dieter_schmalstieg,markus_sareika
michael_sedlmair,your_name
ernst_kruijff,hartmut_seichter
markus_prll,your_name
rakesh_malviya,your_name
jeandaniel_fekete,raghu_machiraju
dieter_schmalstieg,vclav_skala
nils_gehlenborg,robert_kincaid
amelio_vzquezreina,bobby_kasthuri
paul_rosenthal,silvia_miksch
qi_pan,stefan_kluckner
christian_krner,claudia_wagner
paul_wohlhart,peter_m
chris_johnson,hanschristian_hege
helmut_doleisch,vclav_skala
gerhard_reitmayr,lukas_gruber
chris_beaumont,your_name
fernanda_vigas,robert_kosara
alessandro_mulloni,paul_wohlhart
kay_nieselt,marc_streit
andreas_holzinger,your_name
clemens_arth,sven_havemann
nicolas_bonneel,romain_vuillemot
eduardo_veas,lukas_gruber
bernhard_reitinger,michael_donoser
nicolas_bonneel,steffen_kirchhoff
michael_donoser,peter_m
cydney_nielsen,raghu_machiraju
raffaele_boccaccini,your_name
joaquim_jorge,stefan_kluckner
mariebeth_aquino,your_name
joaquim_jorge,stefanie_zollmann
hanspeter_pfister,joaquim_jorge
jrn_kohlhammer,kreimir_matkovic
christian_tominski,your_name
stefanie_zollmann,stefan_hauswiesner
heimo_mueller,urska_cvek
johanna_beyer,joaquim_jorge
nina_seitzer,nils_gehlenborg
private_private,qi_pan
manuel_werlberger,sabine_sternig
curtis_lisle,your_name
daniel_wagner,markus_tatzgern
lukas_gruber,qi_pan
gerhard_reitmayr,your_name
hanschristian_hege,silvia_miksch
cydney_nielsen,richard_park
stefanie_zollmann,your_name
joaquim_jorge,kwanliu_ma
private_private,yangxue_zhou
bernhard_reitinger,stefan_kluckner
petra_isenberg,samuel_huron
christian_pirchheim,dieter_schmalstieg
bernhard_reitinger,gerhard_schall
bang_wong,michelle_borkin
andreas_holzinger,christin_seifert
kwanliu_ma,your_name
daniel_wagner,eduardo_veas
eamonn_maguire,jim_procter
christian_reinbacher,paul_wohlhart
georg_tremmel,your_name
chris_johnson,helmut_doleisch
michael_sedlmair,petra_isenberg
amanda_peters_randles,hanspeter_pfister
daniel_wagner,thanh_nguyen
gerhard_reitmayr,hayko_riemenschneider
jan_aerts,scooter_morris
bernice_rogowitz,fernanda_vigas
kay_nieselt,sean_odonoghue
gerhard_reitmayr,judith_muehl
pia_kainz,private_private
johanna_beyer,romain_vuillemot
torsten_mller,urska_cvek
georg_tremmel,jessie_kennedy
heimo_mueller,marjan_trutschl
clemens_arth,paul_wohlhart
daniel_wagner,paul_kouppas
daniel_wagner,stefan_hauswiesner
clemens_arth,gerhard_schall
armin_preis,christian_krner
qi_pan,thanh_nguyen
hayko_riemenschneider,marc_streit
nicolas_bonneel,sofia_hou
hanspeter_pfister,martin_haidacher
frank_van_ham,hanspeter_pfister
daniel_wagner,ivan_viola
gerhard_schall,marc_streit
jim_procter,raghu_machiraju
alyssa_goodman,hanspeter_pfister
helmut_doleisch,michael_sedlmair
charl_botha,marc_streit
hartmut_seichter,michael_donoser
cydney_nielsen,robert_kincaid
jens_grubert,michael_donoser
christian_tominski,manuela_waldner
nils_gehlenborg,richard_park
michael_mcguffin,raghu_machiraju
paul_wohlhart,stefanie_zollmann
christopher_collins,craig_anslow
dieter_schmalstieg,rostislav_khlebnikov
edmond_prakash,jos_roerdink
eamonn_maguire,nils_gehlenborg
marcel_schwarz,your_name
bernhard_kainz,marc_streit
charl_botha,jack_jarke_van_wijk
raghu_machiraju,sean_odonoghue
hanspeter_pfister,jack_jarke_van_wijk
hanspeter_pfister,jeandaniel_fekete
hartmut_seichter,martin_hirzer
bernice_rogowitz,michelle_borkin
eamonn_maguire,your_name
andreas_holzinger,bernhard_preim
helmut_doleisch,silvia_miksch
christoph_trattner,christian_krner
chris_johnson,charl_botha
christopher_collins,fernanda_vigas
christian_reinbacher,david_ferstl
fernanda_vigas,frank_van_ham
frank_van_ham,marc_streit
hayko_riemenschneider,michael_donoser
bang_wong,jan_aerts
anton_heijs,helwig_hauser
christian_pirchheim,raphael_grasset
andreas_holzinger,dieter_schmalstieg
lukas_gruber,michael_donoser
kasper_lage,your_name
anton_heijs,jos_roerdink
johanna_beyer,moritz_baecher
bernice_rogowitz,marc_streit
christian_pirchheim,paul_wohlhart
romain_vuillemot,samuel_huron
bernhard_kainz,stefan_hauswiesner
ivan_viola,raghu_machiraju
bc_biermann,eduardo_veas
michelle_borkin,steffen_kirchhoff
eamonn_maguire,richard_park
helwig_hauser,your_name
cydney_nielsen,hendrik_strobelt
jos_roerdink,marc_streit
alexander_rind,wolfgang_aigner
christopher_collins,romain_vuillemot
hendrik_strobelt,michel_westenberg
chris_johnson,jack_jarke_van_wijk
bernhard_kainz,hartmut_seichter
jessie_kennedy,scooter_morris
peter_m,your_name
christoph_trattner,claudia_wagner
andreas_duenser,dieter_schmalstieg
akshay_mahajan__cfa,your_name
peter_m,rostislav_khlebnikov
andreas_holzinger,sven_havemann
kreimir_matkovic,robert_kosara
jeandaniel_fekete,robert_kosara
joaquim_jorge,kreimir_matkovic
markus_tatzgern,raphael_grasset
alessandro_mulloni,qi_pan
markus_sareika,marc_streit
azalea_vo,private_private
ernst_kruijff,raphael_grasset
istvan_barakonyi,lukas_gruber
bc_biermann,vclav_skala
sofia_hou,todd_kawakita
amanda_peters_randles,moritz_baecher
istvan_barakonyi,qi_pan
sven_havemann,tobias_langlotz
christian_pirchheim,michael_pfeiffer
bilal_alsallakh,niklas_elmqvist
amir_saffari,private_private
raghu_machiraju,scooter_morris
dieter_schmalstieg,ernst_kruijff
jeandaniel_fekete,wolfgang_aigner
bernhard_kainz,charl_botha
deqing_sun,manuel_werlberger
gerhard_schall,jens_grubert
amir_saffari,michael_pfeiffer
hanspeter_pfister,robert_kosara
marc_remke,your_name
dominikus_baur,robert_kosara
mariebeth_aquino,manuela_waldner
andreas_wendel,daniel_wagner
kreimir_matkovic,your_name
bernhard_preim,gerwin_de_haan
rostislav_khlebnikov,stefan_bruckner
joaquim_jorge,markus_sareika
michael_mcguffin,samuel_huron
gerhard_schall,stefanie_zollmann
hanspeter_pfister,steffen_kirchhoff
joaquim_jorge,your_name
curtis_lisle,daniel_haehn
alyssa_goodman,your_name
christoph_trattner,dieter_schmalstieg
michelle_borkin,your_name
marc_streit,tobias_isenberg
bernice_rogowitz,john_stasko
frank_van_ham,jeandaniel_fekete
clemens_arth,lukas_gruber
pia_kainz,rostislav_khlebnikov
samuel_huron,tobias_isenberg
alexander_rind,silvia_miksch
david_ferstl,stefan_hauswiesner
anton_heijs,jack_jarke_van_wijk
jan_aerts,your_name
kay_nieselt,liz_marai
hartmut_seichter,istvan_barakonyi
jp_lee,private_private
edmond_prakash,paul_rosenthal
gerhard_reitmayr,raffaele_boccaccini
mariebeth_aquino,stefan_bruckner
ben_arnette,craig_anslow
harald_piringer,marc_streit
jp_lee,marjan_trutschl
dieter_schmalstieg,helwig_hauser
johanna_beyer,your_name
jan_aerts,nils_gehlenborg
bang_wong,your_name
jack_jarke_van_wijk,jan_aerts
paul_wohlhart,your_name
petra_isenberg,silvia_miksch
craig_anslow,michael_sedlmair
craig_anslow,manuela_waldner
charl_botha,helmut_doleisch
seymour_knowlesbarley,steffen_kirchhoff
ernst_kruijff,your_name
bilal_alsallakh,michael_sedlmair
jan_aerts,yuri_engelhardt
amelio_vzquezreina,michelle_borkin
fernanda_vigas,jeandaniel_fekete
andrej_varchola,charl_botha
bernhard_kainz,gerhard_schall
charl_botha,johanna_beyer
bernhard_preim,marc_streit
lukas_gruber,manuela_waldner
daniel_wagner,sabine_sternig
eamonn_maguire,paul_rosenthal
christian_reinbacher,jakob_santner
helmut_doleisch,your_name
jessie_kennedy,silvia_miksch
jan_aerts,keiichiro_ono
bernhard_preim,silvia_miksch
charl_botha,hanspeter_pfister
jrn_kohlhammer,tobias_isenberg
christian_pirchheim,lukas_gruber
michel_westenberg,raghu_machiraju
moritz_baecher,seymour_knowlesbarley
andrada_tatu,michael_sedlmair
jeffrey_heer,kwanliu_ma
alexander_rind,mariebeth_aquino
hanspeter_pfister,silvia_miksch
amanda_peters_randles,your_name
edel_oregan,nils_gehlenborg
amelio_vzquezreina,curtis_lisle
anton_heijs,john_stasko
andreas_wendel,your_name
gaurav_bharaj,steffen_kirchhoff
bernhard_reitinger,private_private
jan_aerts,jim_procter
alexander_rind,christian_tominski
dick_kreisberg,your_name
raphael_grasset,sven_havemann
dick_kreisberg,jan_aerts
andreas_wendel,qi_pan
jim_procter,your_name
charl_botha,hanschristian_hege
pia_kainz,your_name
harald_piringer,robert_kosara
christian_reinbacher,stefan_kluckner
christian_tominski,frank_van_ham
blake_walsh,yangxue_zhou
azalea_vo,todd_kawakita
christian_pirchheim,jakob_santner
gerhard_reitmayr,joaquim_jorge
bernhard_kainz,lukas_gruber
jos_roerdink,robert_kincaid
jeffrey_heer,your_name
bernhard_reitinger,joaquim_jorge
edmond_prakash,stefan_bruckner
jessie_kennedy,marc_streit
dominikus_baur,petra_isenberg
michael_donoser,sven_havemann
manuela_waldner,stefan_hauswiesner
andreas_holzinger,marc_streit
dieter_schmalstieg,heimo_mueller
bernice_rogowitz,hanspeter_pfister
manuela_waldner,your_name
bernhard_reitinger,bernhard_kainz
paul_wohlhart,tobias_langlotz
eduardo_veas,gerhard_schall
dieter_schmalstieg,stefan_kluckner
jeandaniel_fekete,samuel_huron
hayko_riemenschneider,jakob_santner
vclav_skala,your_name
gerwin_de_haan,jos_roerdink
seymour_knowlesbarley,your_name
dominikus_baur,manuela_waldner
christoph_trattner,lukas_gruber
hartmut_seichter,thanh_nguyen
gerwin_de_haan,jack_jarke_van_wijk
bc_biermann,daniel_wagner
manuel_werlberger,sven_havemann
gerhard_reitmayr,rostislav_khlebnikov
jp_lee,your_name
frank_van_ham,yuri_engelhardt
michael_sedlmair,wolfgang_aigner
daniel_haehn,michelle_borkin
christian_krner,peter_prettenhofer
christian_reinbacher,michael_donoser
lukas_gruber,your_name
andrada_tatu,hendrik_strobelt
sean_odonoghue,your_name
kay_nieselt,michel_westenberg
david_ferstl,joaquim_jorge
jos_roerdink,nils_gehlenborg
manuela_waldner,martin_hirzer
raghu_machiraju,tobias_isenberg
deqing_sun,nicolas_bonneel
eduardo_veas,qi_pan
jakob_santner,martin_godecschnbacher
andreas_duenser,lukas_gruber
rostislav_khlebnikov,your_name
paul_wohlhart,stefan_kluckner
paul_kouppas,qi_pan
daniel_wagner,heimo_mueller
alyssa_goodman,chris_johnson
martin_hirzer,paul_wohlhart
christian_tominski,jack_jarke_van_wijk
charl_botha,christian_tominski
paul_kouppas,stefanie_zollmann
daniel_wagner,marc_streit
istvan_barakonyi,raphael_grasset
andreas_duenser,daniel_wagner
christian_krner,christin_seifert
jakob_santner,paul_wohlhart
joaquim_jorge,samuel_huron
david_ferstl,tobias_langlotz
charl_botha,martin_haidacher
andrej_varchola,bernhard_kainz
jack_jarke_van_wijk,joaquim_jorge
sabine_sternig,stefan_kluckner
private_private,urska_cvek
michael_donoser,paul_wohlhart
charl_botha,chris_johnson
stefan_bruckner,vclav_skala
markus_sareika,michael_donoser
joaquim_jorge,manuel_werlberger
jeandaniel_fekete,robert_kincaid
andrej_varchola,manuela_waldner
eva_eggeling,hanschristian_hege
jeandaniel_fekete,urska_cvek
niklas_elmqvist,romain_vuillemot
marc_streit,richard_park
marc_streit,your_name
gerhard_schall,michael_donoser
private_private,your_name
andreas_augustin,marc_streit
lukas_gruber,markus_sareika
marc_streit,petra_isenberg
judith_muehl,marc_streit
jack_jarke_van_wijk,yuri_engelhardt
dick_kreisberg,keiichiro_ono
hanspeter_pfister,johanna_beyer
bernhard_preim,your_name
bobby_kasthuri,steffen_kirchhoff
amelio_vzquezreina,hanspeter_pfister
hanspeter_pfister,helwig_hauser
amelio_vzquezreina,steffen_kirchhoff
chris_johnson,nils_gehlenborg
chris_johnson,michelle_borkin
qi_pan,your_name
martin_godecschnbacher,marc_streit
dimiter_dimitrov,nils_gehlenborg
alessandro_mulloni,raffaele_boccaccini
alessandro_mulloni,daniel_wagner
bernhard_preim,charl_botha
bernhard_kainz,christian_tominski
jan_aerts,michel_westenberg
markus_sareika,your_name
frank_van_ham,silvia_miksch
nicolas_bonneel,tae_joong_yoon
hanspeter_pfister,jeffrey_heer
daniel_haehn,your_name
daniel_wagner,gerhard_reitmayr
jeffrey_heer,jeandaniel_fekete
jos_roerdink,michel_westenberg
christian_tominski,helwig_hauser
dieter_schmalstieg,hartmut_seichter
gerhard_schall,peter_m
david_ferstl,paul_wohlhart
andreas_augustin,claudia_wagner
armin_preis,marc_streit
anton_heijs,marc_streit
paul_rosenthal,raghu_machiraju
daniel_wagner,lukas_gruber
hanspeter_pfister,torsten_mller
jeandaniel_fekete,kwanliu_ma
edmond_prakash,hanschristian_hege
charl_botha,wolfgang_aigner
nicolas_bonneel,your_name
andreas_holzinger,joaquim_jorge
anton_heijs,charl_botha
megan_quintero,todd_kawakita
christopher_collins,jeffrey_heer
judith_muehl,qi_pan
azalea_vo,blake_walsh
anton_heijs,frank_van_ham
jessie_kennedy,your_name
david_ferstl,stefanie_zollmann
dieter_schmalstieg,sven_havemann
helmut_doleisch,raghu_machiraju
christopher_collins,jeandaniel_fekete
hendrik_strobelt,john_stasko
jos_roerdink,your_name
judith_muehl,markus_prll
eva_eggeling,greg_howes
bernice_rogowitz,charless_fowlkes
gerhard_reitmayr,hartmut_seichter
bernhard_kainz,istvan_barakonyi
andreas_wendel,hartmut_seichter
alexander_rind,helmut_doleisch
andrej_varchola,bc_biermann
gerhard_schall,manuel_werlberger
bernice_rogowitz,private_private
jim_procter,scooter_morris
cydney_nielsen,kay_nieselt
gerwin_de_haan,marc_streit
manuel_werlberger,your_name
daniel_wagner,ernst_kruijff
blake_walsh,todd_kawakita
petra_isenberg,romain_vuillemot
fernanda_vigas,your_name
lukas_gruber,stefanie_zollmann
joaquim_jorge,thanh_nguyen
christoph_trattner,gerhard_reitmayr
jeandaniel_fekete,marc_streit
joaquim_jorge,nicolas_bonneel
claudia_wagner,peter_prettenhofer
dieter_schmalstieg,ivan_viola
hayko_riemenschneider,hartmut_seichter
alessandro_mulloni,hartmut_seichter
dominikus_baur,your_name
jeffrey_heer,raghu_machiraju
eva_eggeling,mariebeth_aquino
joaquim_jorge,stefan_bruckner
john_stasko,joaquim_jorge
dimiter_dimitrov,marc_streit
marc_streit,nina_seitzer
daniel_wagner,martin_hirzer
martin_hirzer,michael_donoser
alessandro_mulloni,raphael_grasset
anton_heijs,helmut_doleisch
helwig_hauser,silvia_miksch
alyssa_goodman,robert_kosara
hendrik_strobelt,nils_gehlenborg
john_stasko,kwanliu_ma
manuela_waldner,qi_pan
daniel_wagner,stefanie_zollmann
jessie_kennedy,jim_procter
jens_grubert,lukas_gruber
markus_tatzgern,michael_donoser
hendrik_strobelt,michael_sedlmair
todd_kawakita,your_name
michael_mcguffin,niklas_elmqvist
michel_westenberg,tobias_isenberg
blake_walsh,michelle_borkin
jack_jarke_van_wijk,michel_westenberg
andreas_augustin,peter_prettenhofer
dieter_schmalstieg,joaquim_jorge
anton_heijs,dieter_schmalstieg
michael_sedlmair,stefan_bruckner
edmond_prakash,joaquim_jorge
andreas_augustin,christin_seifert
craig_anslow,tobias_isenberg
eduardo_veas,hartmut_seichter
lukas_gruber,michael_pfeiffer
raphael_grasset,stefanie_zollmann
marc_streit,michael_mcguffin
chris_johnson,ivan_viola
jeffrey_heer,michael_mcguffin
jeandaniel_fekete,silvia_miksch
dieter_schmalstieg,hanschristian_hege
johanna_beyer,nicolas_bonneel
dominikus_baur,jeandaniel_fekete
andreas_holzinger,jan_aerts
nils_gehlenborg,silvia_miksch
greg_howes,lukas_gruber
charl_botha,robert_kosara
joaquim_jorge,tobias_isenberg
michael_mcguffin,tobias_isenberg
steven_quayle,your_name
robert_kosara,wolfgang_aigner
amelio_vzquezreina,deqing_sun
hendrik_strobelt,raghu_machiraju
jrn_kohlhammer,paul_rosenthal
marc_streit,rostislav_khlebnikov
marc_streit,nils_gehlenborg
johanna_beyer,manuela_waldner
dick_kreisberg,marc_streit
christoph_trattner,hayko_riemenschneider
martin_godecschnbacher,your_name
bernhard_kainz,your_name
bernhard_kainz,martin_hirzer
christian_krner,markus_prll
clemens_arth,stefan_hauswiesner
clemens_arth,raphael_grasset
amir_saffari,paul_wohlhart
deqing_sun,moritz_baecher
david_ferstl,michael_donoser
maureen_gehlenborg,your_name
andreas_wendel,raphael_grasset
andreas_holzinger,silvia_miksch
christian_leistner,michael_pfeiffer
hartmut_seichter,manuel_werlberger
hartmut_seichter,lukas_gruber
jeandaniel_fekete,joaquim_jorge
jeffrey_heer,niklas_elmqvist
silvia_miksch,wolfgang_aigner
christian_tominski,nils_gehlenborg
hanschristian_hege,raghu_machiraju
amanda_peters_randles,nicolas_bonneel
gunther_arco,your_name
raphael_grasset,thanh_nguyen
hartmut_seichter,your_name
gerwin_de_haan,joaquim_jorge
stefan_bruckner,wolfgang_aigner
hanspeter_pfister,raghu_machiraju
christoph_trattner,gunther_arco
bernhard_preim,hanspeter_pfister
harald_piringer,silvia_miksch
marc_streit,peter_m
heimo_mueller,robert_kincaid
marc_streit,sean_odonoghue
dominikus_baur,torsten_mller
stefanie_zollmann,sven_havemann
christian_tominski,gerwin_de_haan
andreas_duenser,joaquim_jorge
michael_sedlmair,tobias_isenberg
daniel_wagner,istvan_barakonyi
joaquim_jorge,manuela_waldner
judith_muehl,lukas_gruber
martin_godecschnbacher,rostislav_khlebnikov
john_stasko,niklas_elmqvist
ivan_viola,joaquim_jorge
marc_streit,robert_kincaid
bang_wong,jessie_kennedy
gerwin_de_haan,helmut_doleisch
blake_walsh,your_name
christoph_trattner,christian_pirchheim
daniel_wagner,jens_grubert
hayko_riemenschneider,paul_wohlhart
daniel_wagner,paul_wohlhart
marc_streit,thanh_nguyen
hanspeter_pfister,vclav_skala
ernst_kruijff,michael_donoser
andreas_duenser,your_name
dieter_schmalstieg,your_name
chris_johnson,jessie_kennedy
azalea_vo,sofia_hou
andreas_duenser,bc_biermann
romain_vuillemot,tobias_isenberg
christian_reinbacher,martin_hirzer
bc_biermann,private_private
marjan_trutschl,your_name
martin_hirzer,your_name
daniel_haehn,stefan_bruckner
helmut_doleisch,kwanliu_ma
gerhard_reitmayr,gerhard_schall
gerhard_reitmayr,raphael_grasset
deqing_sun,steffen_kirchhoff
andreas_duenser,hartmut_seichter
charl_botha,your_name
jakob_santner,michael_donoser
cydney_nielsen,eamonn_maguire
hayko_riemenschneider,michael_pfeiffer
silvia_miksch,tobias_isenberg
dominikus_baur,niklas_elmqvist
jeandaniel_fekete,michael_sedlmair
gerhard_schall,lukas_gruber
bernice_rogowitz,robert_kosara
private_private,raffaele_boccaccini
jack_jarke_van_wijk,raghu_machiraju
gerhard_reitmayr,sven_havemann
lukas_gruber,markus_tatzgern
christin_seifert,claudia_wagner
paul_kouppas,tobias_langlotz
akshay_mahajan__cfa,nils_gehlenborg
lukas_gruber,stefan_hauswiesner
markus_tatzgern,paul_wohlhart
dieter_schmalstieg,gerhard_schall
jakob_santner,martin_hirzer
eamonn_maguire,jan_aerts
georg_tremmel,marc_streit
john_stasko,raghu_machiraju
christin_seifert,paul_rosenthal
jp_lee,nils_gehlenborg
bernhard_preim,tobias_isenberg
jeffrey_heer,yuri_engelhardt
hanspeter_pfister,robert_kincaid
georg_tremmel,keiichiro_ono
joaquim_jorge,niklas_elmqvist
greg_howes,stefan_kluckner
lukas_gruber,thanh_nguyen
craig_anslow,john_stasko
raghu_machiraju,romain_vuillemot
christoph_trattner,peter_prettenhofer
andrej_varchola,silvia_miksch
andreas_augustin,your_name
bernhard_reitinger,peter_m
christian_tominski,jeandaniel_fekete
judith_muehl,your_name
charl_botha,nils_gehlenborg
eva_eggeling,manuel_werlberger
bc_biermann,greg_howes
chris_johnson,helwig_hauser
dieter_schmalstieg,stefan_bruckner
jeffrey_heer,john_stasko
dieter_schmalstieg,martin_godecschnbacher
alyssa_goodman,chris_beaumont
jeffrey_heer,romain_vuillemot
andreas_holzinger,robert_kosara
chris_johnson,kwanliu_ma
nicolas_bonneel,todd_kawakita
markus_sareika,raphael_grasset
john_stasko,romain_vuillemot
ernst_kruijff,lukas_gruber
charl_botha,robert_steven_laramee
michael_pfeiffer,paul_wohlhart
tobias_isenberg,your_name
harald_piringer,jeandaniel_fekete
daniel_wagner,peter_m
bernhard_reitinger,gerhard_reitmayr
amir_saffari,michael_donoser
dieter_schmalstieg,markus_tatzgern
keiichiro_ono,nils_gehlenborg
alexander_rind,andreas_holzinger
ernst_kruijff,gerwin_de_haan
alessandro_mulloni,sven_havemann
stefan_hauswiesner,thanh_nguyen
marc_streit,stefan_hauswiesner
daniel_wagner,stefan_bruckner
fernanda_vigas,helwig_hauser
hendrik_strobelt,torsten_mller
niklas_elmqvist,your_name
jeandaniel_fekete,torsten_mller
michael_donoser,stefan_hauswiesner
clemens_arth,qi_pan
ernst_kruijff,martin_godecschnbacher
jeandaniel_fekete,jos_roerdink
liz_marai,your_name
istvan_barakonyi,jens_grubert
hanspeter_pfister,john_stasko
michael_noble,steven_quayle
bilal_alsallakh,helwig_hauser
harald_piringer,helwig_hauser
amir_saffari,christian_leistner
helwig_hauser,robert_steven_laramee
bernice_rogowitz,your_name
gerhard_reitmayr,peter_m
dieter_schmalstieg,thanh_nguyen
mariebeth_aquino,sven_havemann
daniel_wagner,michael_donoser
lukas_gruber,manuel_werlberger
sofia_hou,your_name
cydney_nielsen,your_name
david_ferstl,peter_m
marc_streit,sabine_sternig
marc_streit,silvia_miksch
daniel_wagner,judith_muehl
jens_grubert,your_name
gerhard_reitmayr,stefan_hauswiesner
jeandaniel_fekete,michael_mcguffin
keiichiro_ono,your_name
johanna_beyer,michelle_borkin
fernanda_vigas,john_stasko
david_ferstl,your_name
ben_arnette,dominikus_baur
heimo_mueller,silvia_miksch
daniel_wagner,hayko_riemenschneider
lukas_gruber,paul_wohlhart
gerwin_de_haan,paul_rosenthal
stefan_kluckner,your_name
jeandaniel_fekete,petra_isenberg
joaquim_jorge,torsten_mller
chris_johnson,torsten_mller
helmut_doleisch,jos_roerdink
stefan_kluckner,stefan_hauswiesner
curtis_lisle,raghu_machiraju
daniel_wagner,sven_havemann
jrn_kohlhammer,silvia_miksch
jeffrey_heer,robert_kosara
bernhard_reitinger,marc_streit
blake_walsh,robert_kosara
johanna_beyer,kreimir_matkovic
jessie_kennedy,jeandaniel_fekete
paul_wohlhart,qi_pan
hanschristian_hege,michael_sedlmair
markus_sareika,sven_havemann
amir_saffari,daniel_wagner
andrej_varchola,joaquim_jorge
andreas_duenser,marc_streit
chris_johnson,niklas_elmqvist
raghu_machiraju,robert_kosara
andreas_wendel,joaquim_jorge
christopher_collins,jens_grubert
christian_pirchheim,paul_kouppas
wolfgang_aigner,your_name
helmut_doleisch,kreimir_matkovic
dieter_schmalstieg,judith_muehl
claudia_wagner,your_name
charless_fowlkes,michelle_borkin
christian_tominski,charl_botha
daniel_haehn,steffen_kirchhoff
john_stasko,urska_cvek
judith_muehl,stefan_hauswiesner
amanda_peters_randles,michelle_borkin
private_private,todd_kawakita
christopher_collins,john_stasko
manuela_waldner,sven_havemann
hanspeter_pfister,helmut_doleisch
kwanliu_ma,nils_gehlenborg
david_ferstl,jakob_santner
markus_sareika,qi_pan
robert_kosara,your_name
alexander_rind,andrej_varchola
andreas_wendel,lukas_gruber
eamonn_maguire,jessie_kennedy
judith_muehl,rostislav_khlebnikov
cydney_nielsen,nils_gehlenborg
robert_steven_laramee,your_name
chris_beaumont,hanspeter_pfister
jakob_santner,marc_streit
bernhard_preim,joaquim_jorge
christian_reinbacher,your_name
daniel_haehn,johanna_beyer
jan_aerts,jeandaniel_fekete
daniel_wagner,raphael_grasset
hendrik_strobelt,joaquim_jorge
hendrik_strobelt,tobias_isenberg
tae_joong_yoon,your_name
charl_botha,gerwin_de_haan
ernst_kruijff,joaquim_jorge
martin_hirzer,sven_havemann
helmut_doleisch,wolfgang_aigner
manuel_werlberger,qi_pan
paul_rosenthal,robert_steven_laramee
sabine_sternig,your_name
istvan_barakonyi,tobias_langlotz
christin_seifert,peter_prettenhofer
dieter_schmalstieg,peter_m
frank_van_ham,your_name
moritz_baecher,steffen_kirchhoff
craig_anslow,your_name
alyssa_goodman,yuri_engelhardt
nils_gehlenborg,your_name
bilal_alsallakh,silvia_miksch
robert_kincaid,your_name
jack_jarke_van_wijk,jrn_kohlhammer
charless_fowlkes,your_name
andreas_duenser,bernhard_kainz
